Kecamatan,Cabe besar_ton,Cabe Rawit_ton,Cabe Keriting_ton,Tomat_ton,Bayam_ton,Sawi_ton,Kangkung_ton,Bawang merah_ton,Melon_ton,Semangka_ton,Padi Sawah_ton,Jagung_ton,Ubi Kayu_ton,Kacang Hijau_ton,Mangga_ton,Jambu Air_ton,Jambu Biji_ton,Lemon_ton,Jerukpamelo_ton,Jeruk Siyam/Keprok_ton,Sirsat_ton,Blimbing_ton,Pepaya_ton,Sawo_ton,Nangka_ton,Pisang_ton,Cabe besar_Luas Panen,Cabe Rawit_Luas Panen,Cabe Keriting_Luas Panen,Tomat_Luas Panen,Bayam_Luas Panen,Sawi_Luas Panen,Kangkung_Luas Panen,Bawang merah_Luas Panen,Melon_Luas Panen,Semangka_Luas Panen,Padi Sawah_Luas Panen,Jagung_Luas Panen,Ubi Kayu_Luas Panen,Kacang hijau_Luas Panen,Mangga_Banyak Pohon,Jambu Air_Banyak Pohon,Jambu Biji_Banyak Pohon,Lemon_Banyak Pohon,Jerukpamelo_Banyak Pohon,Jeruk Siyam/Keprok_Banyak Pohon,Sirsat_Banyak Pohon,Blimbing_Banyak Pohon,Pepaya_Banyak Pohon,Sawo_Banyak Pohon,Nangka_Banyak Pohon,Pisang_Banyak Pohon
Asemrowo,0.0,0.0,0.0,0.0,0.0,0.0,0.0,0.0,0.0,0.0,0.0,0.0,0.0,0.0,1.1300000000000001,0.054,0.45,0.02,0.0,0.0,0.0,0.10500000000000001,0.0,0.0,0.0,0.0,0.0,0.0,0.0,0.0,0,0.0,0.0,0.0,0.0,0.0,0.0,0.0,0.0,0.0,42.0,5,0.0,0,0.0,0,0,8,0,0,0,0
Benowo,0.05,0.05,0.0,0.0,0.0,0.25,0.0,0.0,0.0,0.0,721.87,44.6,0.0,1.1,2.25,4.08,1.9249999999999998,0.0,0.0,0.0,0.0,1.88,0.0,1.3,0.7,1.8,0.0,0.0,0.0,0.0,0,0.0,0.0,0.0,0.0,0.0,9.0,16.0,0.0,1.0,170.0,100,115.0,0,0.0,0,0,80,0,40,4,90
Bubutan,0.0,0.0,0.0,0.0,0.0,0.0,0.0,0.0,0.0,0.0,0.0,0.0,0.0,0.0,3.2,0.7,0.8200000000000001,0.0,0.0,0.0,1.2,1.42,1.6,1.55,1.2,1.75,0.0,0.0,0.0,0.0,0,0.0,0.0,0.0,0.0,0.0,0.0,0.0,0.0,0.0,600.0,150,150.0,0,0.0,0,200,400,100,20,15,200
Bulak,0.0,0.0,0.0,0.0,0.0,0.0,0.0,0.0,0.0,0.0,1073.53,0.0,0.0,0.0,13.1,1.04,0.504,0.0,0.0,0.0,0.0,0.952,7.6000000000000005,0.0,2.1,0.6,0.0,0.0,0.0,0.0,0,0.0,0.0,0.0,0.0,0.0,45.0,0.0,0.0,0.0,0.0,0,0.0,0,0.0,0,0,0,30,0,0,100
Dukuh Pakis,0.0,0.0,0.0,0.0,0.0,0.0,0.0,0.0,0.0,0.0,0.0,0.0,0.0,0.0,0.0,0.52,0.068,0.0,0.0,0.0,0.0,0.41,0.0,0.0,0.0,3.48,0.0,0.0,0.0,0.0,0,0.0,0.0,0.0,0.0,0.0,0.0,0.0,0.0,0.0,0.0,8,0.0,0,0.0,0,0,11,0,0,0,28
Gayungan,0.0,0.065,0.0,0.14,0.0,0.0,0.0,0.01,0.0,0.0,56.32,0.0,0.0,0.0,554.4,53.68,0.7599999999999999,0.0,0.0,0.0,51.970000000000006,1.85,0.0,0.0,0.24,0.32,0.0,0.1,0.0,0.3,0,0.0,0.0,0.0,0.0,0.0,4.0,0.0,0.0,0.0,5778.0,2040,59.0,0,0.0,0,57,40,0,0,8,100
Genteng,0.0,0.0,0.0,0.0,0.0,0.0,0.0,0.0,0.0,0.0,0.0,0.0,0.0,0.0,0.1,0.0,0.55,0.0,0.0,0.0,0.1,0.25,0.0,0.0,0.0,0.0,0.0,0.0,0.0,0.0,0,0.0,0.0,0.0,0.0,0.0,0.0,0.0,0.0,0.0,20.0,0,200.0,0,0.0,0,50,75,0,0,0,0
Gubeng,0.0,0.0,0.0,0.0,0.0,0.0,0.0,0.0,0.0,0.0,0.0,0.0,0.0,0.0,100.3,1.33,3.6999999999999997,0.0,0.0,0.0,0.0,13.08,0.305,0.0,0.0,1.58,0.0,0.0,0.0,0.0,0,0.0,0.0,0.0,0.0,0.0,0.0,0.0,0.0,0.0,1000.0,300,100.0,0,0.0,0,0,1500,5,0,0,50
Gunung Anyar,0.0,0.0,0.0,0.0,0.0,0.0,0.0,0.0,0.0,0.0,0.0,0.0,0.0,0.0,0.0,0.0,0.536,0.0,0.0,0.0,0.847,0.605,0.185,0.0,0.0,4.27,0.0,0.0,0.0,0.0,0,0.0,0.0,0.0,0.0,0.0,0.0,0.0,0.0,0.0,0.0,0,0.0,0,0.0,0,0,0,0,0,0,0
Jambangan,0.0,0.16999999999999998,0.0,0.0,0.0,0.0,0.10800000000000001,0.0,0.0,0.0,10.14,0.16,0.0,0.0,7415.0,105.0,0.9550000000000001,0.09,0.0,0.0,120.9,26.5,5.51,0.7,6.720000000000001,13.16,0.0,0.0,0.0,0.0,0,0.0,0.0,0.0,0.0,0.0,0.0,0.0,0.0,0.0,7350.0,1840,170.0,2,0.0,0,200,325,150,10,35,150
Karang Pilang,0.0,4.85,0.0,0.0,0.0,0.0,0.0,0.0,0.0,0.0,307.982,6.73,24.56,0.0,0.12,0.22,0.30000000000000004,0.0,0.0,0.0,0.18000000000000002,0.34,1.7999999999999998,0.13,0.8400000000000001,2.222,0.0,0.0,0.0,0.0,0,0.0,0.0,0.0,0.0,0.0,0.0,0.0,0.0,0.0,3.0,7,13.0,0,0.0,0,12,12,44,5,5,218
Kenjeran,0.0,0.0,0.0,0.0,0.0,1.2,2.26,0.0,0.0,0.0,0.0,2.3,0.0,0.0,0.3,15.17,0.725,0.0,0.0,0.0,0.0,0.21000000000000002,0.0,0.0,0.0,0.75,0.0,0.0,0.0,0.0,0,0.4,1.3,0.0,0.0,0.0,0.0,0.3,0.0,0.0,100.0,40,40.0,0,0.0,0,0,140,0,0,0,100
Krembangan,0.0,0.0,0.0,0.0,0.0,0.0,0.0,0.0,0.0,0.0,0.0,0.0,0.0,0.0,1.3599999999999999,0.1,2.164,0.0,0.002,0.0,0.0,0.31,0.0,0.0,0.0,0.08399999999999999,0.0,0.0,0.0,0.0,0,0.0,0.0,0.0,0.0,0.0,0.0,0.0,0.0,0.0,58.0,15,13.0,0,0.0,0,0,20,0,0,0,11
Lakarsantri,0.0,4.46,0.08,1.515,0.0,0.0,0.0,3.72,3.0,1.26,2465.96,89.02,12.12,13.93,4.775,0.806,0.304,0.0,0.0,0.0,0.0,0.525,0.0,0.0,0.0,6.8100000000000005,0.0,0.0,0.0,0.0,0,0.0,0.0,0.1,0.0,0.0,91.58,0.0,0.0,8.1,35.0,17,9.0,0,0.0,0,0,105,0,0,0,47
Mulyorejo,0.0,0.0,0.0,0.0,0.0,0.6,0.9,0.0,0.0,0.0,5.14,0.0,1.94,0.0,2.81,1.1560000000000001,1.418,0.0,0.0,0.0,0.0,1.922,3.51,0.0,1.56,5.48,0.0,0.0,0.0,0.0,0,0.0,0.0,0.0,0.0,0.0,0.0,0.0,0.0,0.0,1475.0,458,438.0,0,0.0,0,0,715,300,0,145,253
Pabean Cantian,0.0,0.0,0.0,0.0,0.0,0.0,0.0,0.0,0.0,0.0,0.0,0.0,0.0,0.0,0.525,0.354,0.44999999999999996,0.17200000000000001,0.0,0.0,0.0,0.67,0.0,0.22,0.0,0.0,0.0,0.0,0.0,0.0,0,0.0,0.0,0.0,0.0,0.0,0.0,0.0,0.0,0.0,50.0,36,75.0,10,0.0,0,0,110,0,150,0,0
Pakal,2.65,1.1600000000000001,0.0,0.0,0.0,1.43,2.8,0.3,0.0,0.0,819.7,128.19,0.0,0.0,55.0,102.45,19.88,0.012,0.0,0.0,6.52,105.5,8.84,3.7,0.0,5.02,0.0,0.0,0.0,0.0,0,0.1,8.1,1.5,0.0,0.0,2.5,29.5,0.0,0.0,2841.0,1469,20.0,0,0.0,0,2,933,167,18,0,0
Rungkut,0.0,0.12300000000000001,0.0,0.0,0.0,0.032,0.643,0.0,0.0,0.0,5.17,0.0,0.0,0.0,1.41,0.26,0.988,0.0,0.0,0.0,0.7090000000000001,0.152,0.53,0.02,0.5680000000000001,7.880000000000001,0.0,0.0,0.0,0.0,0,0.0,0.01,0.0,0.0,0.0,0.0,0.0,0.0,0.0,2825.0,145,70.0,0,0.0,0,20,63,35,15,13,299
Sambikerep,0.0,5.77,0.0,0.0,0.0,0.0,1.004,0.43999999999999995,0.0,0.0,790.77,42.97,0.0,0.4,13.69,0.0,2.658,0.0,0.0,0.0,0.03,2.222,0.579,0.0,0.0,39.29,0.0,0.0,0.0,0.0,0,0.0,0.0,0.6,0.0,0.0,12.5,6.6,0.0,0.4,8571.0,0,195.0,0,0.0,0,0,49,0,0,0,951
Sawahan,0.0,0.0,0.0,0.0,0.0,0.0,0.0,0.0,0.0,0.0,0.0,0.0,0.0,0.0,15.5,0.0,0.0,0.0,0.0,0.0,0.0,31.5,0.0,0.0,0.0,20.7,0.0,0.0,0.0,0.0,0,0.0,0.0,0.0,0.0,0.0,0.0,0.0,0.0,0.0,23.0,0,0.0,0,0.0,0,0,10,0,0,0,40
Semampir,0.0,0.0,0.0,0.0,0.0,0.0,0.0,0.0,0.0,0.0,0.0,0.0,0.0,0.0,0.88,0.0,0.6,0.0,0.28,0.0,0.16999999999999998,0.904,0.0,0.0,0.0,0.64,0.0,0.0,0.0,0.0,0,0.0,0.0,0.0,0.0,0.0,0.0,0.0,0.0,0.0,0.0,0,15.0,0,0.0,0,0,11,0,0,0,12
Simokerto,0.0,0.0,0.0,0.0,0.0,0.0,0.0,0.0,0.0,0.0,0.0,0.0,0.0,0.0,0.0,3.4,4.2,0.0,0.0,0.0,0.0,1.0,0.0,0.0,0.0,0.0,0.0,0.0,0.0,0.0,0,0.0,0.0,0.0,0.0,0.0,0.0,0.0,0.0,0.0,0.0,117,145.0,0,0.0,0,0,250,0,0,0,0
Suko Manunggal,0.0,0.0,0.0,0.0,0.0,0.0,0.0,0.0,0.0,0.0,0.0,0.0,0.0,0.0,0.9,1.04,1.2,0.0,0.0,0.0,0.0,0.9,0.4,0.0,0.9,0.7,0.0,0.0,0.0,0.0,0,0.0,0.0,0.0,0.0,0.0,0.0,0.0,0.0,0.0,250.0,250,250.0,0,0.0,0,0,350,300,0,300,300
Sukolilo,0.0,0.0,0.0,0.0,3.8,155.15,0.7,0.0,0.0,0.0,183.9,0.0,0.0,0.0,86.13,0.064,0.039599999999999996,0.0,0.0,0.0,0.0,0.492,0.09,0.0,0.0,0.895,0.0,0.0,0.0,0.0,0,0.5,0.0,0.0,0.0,0.0,4.28,0.0,0.0,0.0,1579.0,92,98.0,0,0.0,0,0,410,12,0,0,52
Tambaksari,0.0,0.0,0.0,0.0,0.0,0.0,0.0,0.0,0.0,0.0,0.0,0.0,0.0,0.0,0.0,4.484999999999999,3.29,0.0,0.0,0.0,0.011,5.23,0.30300000000000005,0.0,0.0,0.12,0.0,0.0,0.0,0.0,0,0.0,0.0,0.0,0.0,0.0,0.0,0.0,0.0,0.0,0.0,375,0.0,0,0.0,0,0,452,8,0,0,4
Tandes,0.0,0.0,0.0,0.0,0.0,0.0,0.0,0.0,0.0,0.0,7.7,0.0,0.0,0.0,42.5,7.9,1.3,0.007,0.0,0.0,2.526,2.558,0.0,0.322,0.0,4.5600000000000005,0.0,0.0,0.0,0.0,0,0.0,0.0,0.0,0.0,0.0,0.23,0.0,0.0,0.0,3148.0,886,200.0,8,0.0,0,65,427,0,55,0,1098
Tegalsari,0.0,0.0,0.0,0.0,0.0,0.0,0.0,0.0,0.0,0.0,0.0,0.0,0.0,0.0,0.0,0.32,2.14,0.0,0.0,0.0,0.86,0.09,0.1,0.0,0.2,0.18,0.0,0.0,0.0,0.0,0,0.0,0.0,0.0,0.0,0.0,0.0,0.0,0.0,0.0,0.0,30,100.0,0,0.0,0,38,48,0,0,0,27
Tenggilis Mejoyo,0.0,0.0,0.0,0.0,0.0,0.0,0.0,0.0,0.0,0.0,0.0,0.0,0.0,0.0,2.3,0.30000000000000004,0.06,0.0,0.0,0.0,0.42000000000000004,0.02,0.12,0.0,0.0,0.63,0.0,0.0,0.0,0.0,0,0.0,0.0,0.0,0.0,0.0,0.0,0.0,0.0,0.0,46.0,40,10.0,0,0.0,0,20,0,0,0,0,90
Wiyung,0.0,0.68,0.0,0.0,0.0,0.0,0.0,0.0,3.09,0.5,708.86,0.0,5.04,0.0,2.79,0.44,0.0,0.0,0.0,0.94,0.05,3.3200000000000003,0.0,0.0,0.0,56.45,0.0,0.0,0.0,0.0,0,0.0,0.0,0.0,0.0,0.0,14.36,0.0,0.2,0.0,2787.0,30,0.0,0,0.0,470,0,170,0,0,0,200
Wonocolo,0.0,0.0,0.0,0.0,0.0,0.27,0.0,0.0,0.0,0.0,0.0,0.0,0.0,0.0,1008.74,1.49,0.07,0.0,0.0,0.0,17.25,0.66,12.73,3.7,0.035,0.45,0.0,0.0,0.0,0.0,0,0.0,0.0,0.0,0.0,0.0,0.0,0.0,0.0,0.0,7700.0,550,0.0,0,0.0,0,35,180,50,32,0,0
Wonokromo,0.0,0.0,0.0,0.0,0.0,0.0,0.0,0.0,0.0,0.0,0.0,0.0,0.0,0.0,12.3,0.6000000000000001,0.85,0.0,0.15000000000000002,0.15000000000000002,0.0,1.9,0.56,0.0,0.0,0.55,0.0,0.0,0.0,0.0,0,0.0,0.0,0.0,0.0,0.0,0.0,0.0,0.0,0.0,297.0,59,41.0,0,16.0,5,0,79,43,0,0,24
